{"type": "metrics", "dataset": "train", "precision": 0.7129703763010409, "balanced_accuracy": 0.666374161583676, "recall": 0.37693121693121695, "f1_score": 0.4931468918731829}
{"type": "metrics", "dataset": "test", "precision": 0.6749769159741459, "balanced_accuracy": 0.6668794948913066, "recall": 0.38352570828961174, "f1_score": 0.4891267982602877}
{"type": "cm_matrix", "dataset": "train", "true_0": {"predicted_0": 15511, "predicted_1": 717}, "true_1": {"predicted_0": 2944, "predicted_1": 1781}}
{"type": "cm_matrix", "dataset": "test", "true_0": {"predicted_0": 6721, "predicted_1": 352}, "true_1": {"predicted_0": 1175, "predicted_1": 731}}
